law,name,prop,fail,return_code,verdict,error_id,warnings,deck,out,note
LAW1,ELAST,TYPE14,base,0,OK,,"100214,100217,100214,100217",deck_LAW1_TYPE14_base_0000.rad,deck_LAW1_TYPE14_base_0000.out,isotropic linear elastic baseline
LAW1,ELAST,TYPE14,HASHIN,0,OK,,"100214,100217,100214,100217",deck_LAW1_TYPE14_HASHIN_0000.rad,deck_LAW1_TYPE14_HASHIN_0000.out,isotropic linear elastic baseline
LAW1,ELAST,TYPE14,PUCK,0,OK,,"100214,100217,100214,100217",deck_LAW1_TYPE14_PUCK_0000.rad,deck_LAW1_TYPE14_PUCK_0000.out,isotropic linear elastic baseline
LAW1,ELAST,TYPE14,TSAIWU,0,OK,,"100214,100217,100214,100217",deck_LAW1_TYPE14_TSAIWU_0000.rad,deck_LAW1_TYPE14_TSAIWU_0000.out,isotropic linear elastic baseline
LAW1,ELAST,TYPE14,CHANG,0,OK,,"100214,100217,100214,100217",deck_LAW1_TYPE14_CHANG_0000.rad,deck_LAW1_TYPE14_CHANG_0000.out,isotropic linear elastic baseline
LAW1,ELAST,TYPE14,USER1,2,BLOCKED:1130,1130,"100214,100217,100214,100217",deck_LAW1_TYPE14_USER1_0000.rad,deck_LAW1_TYPE14_USER1_0000.out,isotropic linear elastic baseline
LAW1,ELAST,TYPE14,JOHNSON,0,OK,,"100214,100217,100214,100217",deck_LAW1_TYPE14_JOHNSON_0000.rad,deck_LAW1_TYPE14_JOHNSON_0000.out,isotropic linear elastic baseline
LAW1,ELAST,TYPE6,base,0,OK,,"100214,100217,100214,100217",deck_LAW1_TYPE6_base_0000.rad,deck_LAW1_TYPE6_base_0000.out,isotropic linear elastic baseline
LAW1,ELAST,TYPE6,HASHIN,0,OK,,"100214,100217,100214,100217",deck_LAW1_TYPE6_HASHIN_0000.rad,deck_LAW1_TYPE6_HASHIN_0000.out,isotropic linear elastic baseline
LAW1,ELAST,TYPE6,PUCK,0,OK,,"100214,100217,100214,100217",deck_LAW1_TYPE6_PUCK_0000.rad,deck_LAW1_TYPE6_PUCK_0000.out,isotropic linear elastic baseline
LAW1,ELAST,TYPE6,TSAIWU,0,OK,,"100214,100217,100214,100217",deck_LAW1_TYPE6_TSAIWU_0000.rad,deck_LAW1_TYPE6_TSAIWU_0000.out,isotropic linear elastic baseline
LAW1,ELAST,TYPE6,CHANG,0,OK,,"100214,100217,100214,100217",deck_LAW1_TYPE6_CHANG_0000.rad,deck_LAW1_TYPE6_CHANG_0000.out,isotropic linear elastic baseline
LAW1,ELAST,TYPE6,USER1,2,BLOCKED:1130,1130,"100214,100217,100214,100217",deck_LAW1_TYPE6_USER1_0000.rad,deck_LAW1_TYPE6_USER1_0000.out,isotropic linear elastic baseline
LAW1,ELAST,TYPE6,JOHNSON,0,OK,,"100214,100217,100214,100217",deck_LAW1_TYPE6_JOHNSON_0000.rad,deck_LAW1_TYPE6_JOHNSON_0000.out,isotropic linear elastic baseline
LAW1,ELAST,TYPE1,base,0,OK,,"100214,100214,100214",deck_LAW1_TYPE1_base_0000.rad,deck_LAW1_TYPE1_base_0000.out,isotropic linear elastic baseline
LAW1,ELAST,TYPE1,HASHIN,0,OK,,"100214,100214,100214",deck_LAW1_TYPE1_HASHIN_0000.rad,deck_LAW1_TYPE1_HASHIN_0000.out,isotropic linear elastic baseline
LAW1,ELAST,TYPE1,PUCK,0,OK,,"100214,100214,100214",deck_LAW1_TYPE1_PUCK_0000.rad,deck_LAW1_TYPE1_PUCK_0000.out,isotropic linear elastic baseline
LAW1,ELAST,TYPE1,TSAIWU,0,OK,,"100214,100214,100214",deck_LAW1_TYPE1_TSAIWU_0000.rad,deck_LAW1_TYPE1_TSAIWU_0000.out,isotropic linear elastic baseline
LAW1,ELAST,TYPE1,CHANG,0,OK,,"100214,100214,100214",deck_LAW1_TYPE1_CHANG_0000.rad,deck_LAW1_TYPE1_CHANG_0000.out,isotropic linear elastic baseline
LAW1,ELAST,TYPE1,USER1,2,BLOCKED:1130,1130,"100214,100214,100214",deck_LAW1_TYPE1_USER1_0000.rad,deck_LAW1_TYPE1_USER1_0000.out,isotropic linear elastic baseline
LAW1,ELAST,TYPE1,JOHNSON,0,OK,,"100214,100214,100214",deck_LAW1_TYPE1_JOHNSON_0000.rad,deck_LAW1_TYPE1_JOHNSON_0000.out,isotropic linear elastic baseline
LAW2,PLAS_JOHNS,TYPE14,base,0,OK,,"100214,100217,100214,100217",deck_LAW2_TYPE14_base_0000.rad,deck_LAW2_TYPE14_base_0000.out,Johnson-Cook isotropic plastic baseline
LAW2,PLAS_JOHNS,TYPE14,HASHIN,0,OK,,"100214,100217,100214,100217",deck_LAW2_TYPE14_HASHIN_0000.rad,deck_LAW2_TYPE14_HASHIN_0000.out,Johnson-Cook isotropic plastic baseline
LAW2,PLAS_JOHNS,TYPE14,PUCK,0,OK,,"100214,100217,100214,100217",deck_LAW2_TYPE14_PUCK_0000.rad,deck_LAW2_TYPE14_PUCK_0000.out,Johnson-Cook isotropic plastic baseline
LAW2,PLAS_JOHNS,TYPE14,TSAIWU,0,OK,,"100214,100217,100214,100217",deck_LAW2_TYPE14_TSAIWU_0000.rad,deck_LAW2_TYPE14_TSAIWU_0000.out,Johnson-Cook isotropic plastic baseline
LAW2,PLAS_JOHNS,TYPE14,CHANG,0,OK,,"100214,100217,100214,100217",deck_LAW2_TYPE14_CHANG_0000.rad,deck_LAW2_TYPE14_CHANG_0000.out,Johnson-Cook isotropic plastic baseline
LAW2,PLAS_JOHNS,TYPE14,USER1,2,BLOCKED:1130,1130,"100214,100217,100214,100217",deck_LAW2_TYPE14_USER1_0000.rad,deck_LAW2_TYPE14_USER1_0000.out,Johnson-Cook isotropic plastic baseline
LAW2,PLAS_JOHNS,TYPE14,JOHNSON,0,OK,,"100214,100217,100214,100217",deck_LAW2_TYPE14_JOHNSON_0000.rad,deck_LAW2_TYPE14_JOHNSON_0000.out,Johnson-Cook isotropic plastic baseline
LAW2,PLAS_JOHNS,TYPE6,base,0,OK,,"100214,100217,100214,100217",deck_LAW2_TYPE6_base_0000.rad,deck_LAW2_TYPE6_base_0000.out,Johnson-Cook isotropic plastic baseline
LAW2,PLAS_JOHNS,TYPE6,HASHIN,0,OK,,"100214,100217,100214,100217",deck_LAW2_TYPE6_HASHIN_0000.rad,deck_LAW2_TYPE6_HASHIN_0000.out,Johnson-Cook isotropic plastic baseline
LAW2,PLAS_JOHNS,TYPE6,PUCK,0,OK,,"100214,100217,100214,100217",deck_LAW2_TYPE6_PUCK_0000.rad,deck_LAW2_TYPE6_PUCK_0000.out,Johnson-Cook isotropic plastic baseline
LAW2,PLAS_JOHNS,TYPE6,TSAIWU,0,OK,,"100214,100217,100214,100217",deck_LAW2_TYPE6_TSAIWU_0000.rad,deck_LAW2_TYPE6_TSAIWU_0000.out,Johnson-Cook isotropic plastic baseline
LAW2,PLAS_JOHNS,TYPE6,CHANG,0,OK,,"100214,100217,100214,100217",deck_LAW2_TYPE6_CHANG_0000.rad,deck_LAW2_TYPE6_CHANG_0000.out,Johnson-Cook isotropic plastic baseline
LAW2,PLAS_JOHNS,TYPE6,USER1,2,BLOCKED:1130,1130,"100214,100217,100214,100217",deck_LAW2_TYPE6_USER1_0000.rad,deck_LAW2_TYPE6_USER1_0000.out,Johnson-Cook isotropic plastic baseline
LAW2,PLAS_JOHNS,TYPE6,JOHNSON,0,OK,,"100214,100217,100214,100217",deck_LAW2_TYPE6_JOHNSON_0000.rad,deck_LAW2_TYPE6_JOHNSON_0000.out,Johnson-Cook isotropic plastic baseline
LAW2,PLAS_JOHNS,TYPE1,base,0,OK,,"100214,100214,100214",deck_LAW2_TYPE1_base_0000.rad,deck_LAW2_TYPE1_base_0000.out,Johnson-Cook isotropic plastic baseline
LAW2,PLAS_JOHNS,TYPE1,HASHIN,0,OK,,"100214,100214,100214",deck_LAW2_TYPE1_HASHIN_0000.rad,deck_LAW2_TYPE1_HASHIN_0000.out,Johnson-Cook isotropic plastic baseline
LAW2,PLAS_JOHNS,TYPE1,PUCK,0,OK,,"100214,100214,100214",deck_LAW2_TYPE1_PUCK_0000.rad,deck_LAW2_TYPE1_PUCK_0000.out,Johnson-Cook isotropic plastic baseline
LAW2,PLAS_JOHNS,TYPE1,TSAIWU,0,OK,,"100214,100214,100214",deck_LAW2_TYPE1_TSAIWU_0000.rad,deck_LAW2_TYPE1_TSAIWU_0000.out,Johnson-Cook isotropic plastic baseline
LAW2,PLAS_JOHNS,TYPE1,CHANG,0,OK,,"100214,100214,100214",deck_LAW2_TYPE1_CHANG_0000.rad,deck_LAW2_TYPE1_CHANG_0000.out,Johnson-Cook isotropic plastic baseline
LAW2,PLAS_JOHNS,TYPE1,USER1,2,BLOCKED:1130,1130,"100214,100214,100214",deck_LAW2_TYPE1_USER1_0000.rad,deck_LAW2_TYPE1_USER1_0000.out,Johnson-Cook isotropic plastic baseline
LAW2,PLAS_JOHNS,TYPE1,JOHNSON,0,OK,,"100214,100214,100214",deck_LAW2_TYPE1_JOHNSON_0000.rad,deck_LAW2_TYPE1_JOHNSON_0000.out,Johnson-Cook isotropic plastic baseline
LAW12,3D_COMP,TYPE14,base,2,BLOCKED:3047,3047,"100214,100217,100214,100217",deck_LAW12_TYPE14_base_0000.rad,deck_LAW12_TYPE14_base_0000.out,3D solid composite orthotropic
LAW12,3D_COMP,TYPE14,HASHIN,2,BLOCKED:3047,3047,"100214,100217,100214,100217",deck_LAW12_TYPE14_HASHIN_0000.rad,deck_LAW12_TYPE14_HASHIN_0000.out,3D solid composite orthotropic
LAW12,3D_COMP,TYPE14,PUCK,2,BLOCKED:3047,3047,"100214,100217,100214,100217",deck_LAW12_TYPE14_PUCK_0000.rad,deck_LAW12_TYPE14_PUCK_0000.out,3D solid composite orthotropic
LAW12,3D_COMP,TYPE14,TSAIWU,2,BLOCKED:3047,3047,"100214,100217,100214,100217",deck_LAW12_TYPE14_TSAIWU_0000.rad,deck_LAW12_TYPE14_TSAIWU_0000.out,3D solid composite orthotropic
LAW12,3D_COMP,TYPE14,CHANG,2,BLOCKED:3047,3047,"100214,100217,100214,100217",deck_LAW12_TYPE14_CHANG_0000.rad,deck_LAW12_TYPE14_CHANG_0000.out,3D solid composite orthotropic
LAW12,3D_COMP,TYPE14,USER1,2,BLOCKED:1130,1130,"100214,100217,100214,100217",deck_LAW12_TYPE14_USER1_0000.rad,deck_LAW12_TYPE14_USER1_0000.out,3D solid composite orthotropic
LAW12,3D_COMP,TYPE14,JOHNSON,2,BLOCKED:3047,3047,"100214,100217,100214,100217",deck_LAW12_TYPE14_JOHNSON_0000.rad,deck_LAW12_TYPE14_JOHNSON_0000.out,3D solid composite orthotropic
LAW12,3D_COMP,TYPE6,base,0,OK,,"100214,100217,100214,100217",deck_LAW12_TYPE6_base_0000.rad,deck_LAW12_TYPE6_base_0000.out,3D solid composite orthotropic
LAW12,3D_COMP,TYPE6,HASHIN,0,OK,,"100214,100217,100214,100217",deck_LAW12_TYPE6_HASHIN_0000.rad,deck_LAW12_TYPE6_HASHIN_0000.out,3D solid composite orthotropic
LAW12,3D_COMP,TYPE6,PUCK,0,OK,,"100214,100217,100214,100217",deck_LAW12_TYPE6_PUCK_0000.rad,deck_LAW12_TYPE6_PUCK_0000.out,3D solid composite orthotropic
LAW12,3D_COMP,TYPE6,TSAIWU,0,OK,,"100214,100217,100214,100217",deck_LAW12_TYPE6_TSAIWU_0000.rad,deck_LAW12_TYPE6_TSAIWU_0000.out,3D solid composite orthotropic
LAW12,3D_COMP,TYPE6,CHANG,0,OK,,"100214,100217,100214,100217",deck_LAW12_TYPE6_CHANG_0000.rad,deck_LAW12_TYPE6_CHANG_0000.out,3D solid composite orthotropic
LAW12,3D_COMP,TYPE6,USER1,2,BLOCKED:1130,1130,"100214,100217,100214,100217",deck_LAW12_TYPE6_USER1_0000.rad,deck_LAW12_TYPE6_USER1_0000.out,3D solid composite orthotropic
LAW12,3D_COMP,TYPE6,JOHNSON,0,OK,,"100214,100217,100214,100217",deck_LAW12_TYPE6_JOHNSON_0000.rad,deck_LAW12_TYPE6_JOHNSON_0000.out,3D solid composite orthotropic
LAW12,3D_COMP,TYPE1,base,2,BLOCKED:3046,3046,"100214,100214,100214",deck_LAW12_TYPE1_base_0000.rad,deck_LAW12_TYPE1_base_0000.out,3D solid composite orthotropic
LAW12,3D_COMP,TYPE1,HASHIN,2,BLOCKED:3046,3046,"100214,100214,100214",deck_LAW12_TYPE1_HASHIN_0000.rad,deck_LAW12_TYPE1_HASHIN_0000.out,3D solid composite orthotropic
LAW12,3D_COMP,TYPE1,PUCK,2,BLOCKED:3046,3046,"100214,100214,100214",deck_LAW12_TYPE1_PUCK_0000.rad,deck_LAW12_TYPE1_PUCK_0000.out,3D solid composite orthotropic
LAW12,3D_COMP,TYPE1,TSAIWU,2,BLOCKED:3046,3046,"100214,100214,100214",deck_LAW12_TYPE1_TSAIWU_0000.rad,deck_LAW12_TYPE1_TSAIWU_0000.out,3D solid composite orthotropic
LAW12,3D_COMP,TYPE1,CHANG,2,BLOCKED:3046,3046,"100214,100214,100214",deck_LAW12_TYPE1_CHANG_0000.rad,deck_LAW12_TYPE1_CHANG_0000.out,3D solid composite orthotropic
LAW12,3D_COMP,TYPE1,USER1,2,BLOCKED:1130,1130,"100214,100214,100214",deck_LAW12_TYPE1_USER1_0000.rad,deck_LAW12_TYPE1_USER1_0000.out,3D solid composite orthotropic
LAW12,3D_COMP,TYPE1,JOHNSON,2,BLOCKED:3046,3046,"100214,100214,100214",deck_LAW12_TYPE1_JOHNSON_0000.rad,deck_LAW12_TYPE1_JOHNSON_0000.out,3D solid composite orthotropic
LAW14,COMPSO,TYPE14,base,2,BLOCKED:3047,3047,"100214,100217,100214,100217",deck_LAW14_TYPE14_base_0000.rad,deck_LAW14_TYPE14_base_0000.out,legacy composite solid orthotropic
LAW14,COMPSO,TYPE14,HASHIN,2,BLOCKED:3047,3047,"100214,100217,100214,100217",deck_LAW14_TYPE14_HASHIN_0000.rad,deck_LAW14_TYPE14_HASHIN_0000.out,legacy composite solid orthotropic
LAW14,COMPSO,TYPE14,PUCK,2,BLOCKED:3047,3047,"100214,100217,100214,100217",deck_LAW14_TYPE14_PUCK_0000.rad,deck_LAW14_TYPE14_PUCK_0000.out,legacy composite solid orthotropic
LAW14,COMPSO,TYPE14,TSAIWU,2,BLOCKED:3047,3047,"100214,100217,100214,100217",deck_LAW14_TYPE14_TSAIWU_0000.rad,deck_LAW14_TYPE14_TSAIWU_0000.out,legacy composite solid orthotropic
LAW14,COMPSO,TYPE14,CHANG,2,BLOCKED:3047,3047,"100214,100217,100214,100217",deck_LAW14_TYPE14_CHANG_0000.rad,deck_LAW14_TYPE14_CHANG_0000.out,legacy composite solid orthotropic
LAW14,COMPSO,TYPE14,USER1,2,BLOCKED:1130,1130,"100214,100217,100214,100217",deck_LAW14_TYPE14_USER1_0000.rad,deck_LAW14_TYPE14_USER1_0000.out,legacy composite solid orthotropic
LAW14,COMPSO,TYPE14,JOHNSON,2,BLOCKED:3047,3047,"100214,100217,100214,100217",deck_LAW14_TYPE14_JOHNSON_0000.rad,deck_LAW14_TYPE14_JOHNSON_0000.out,legacy composite solid orthotropic
LAW14,COMPSO,TYPE6,base,0,OK,,"100214,100217,100214,100217",deck_LAW14_TYPE6_base_0000.rad,deck_LAW14_TYPE6_base_0000.out,legacy composite solid orthotropic
LAW14,COMPSO,TYPE6,HASHIN,0,OK,,"100214,100217,100214,100217",deck_LAW14_TYPE6_HASHIN_0000.rad,deck_LAW14_TYPE6_HASHIN_0000.out,legacy composite solid orthotropic
LAW14,COMPSO,TYPE6,PUCK,0,OK,,"100214,100217,100214,100217",deck_LAW14_TYPE6_PUCK_0000.rad,deck_LAW14_TYPE6_PUCK_0000.out,legacy composite solid orthotropic
LAW14,COMPSO,TYPE6,TSAIWU,0,OK,,"100214,100217,100214,100217",deck_LAW14_TYPE6_TSAIWU_0000.rad,deck_LAW14_TYPE6_TSAIWU_0000.out,legacy composite solid orthotropic
LAW14,COMPSO,TYPE6,CHANG,0,OK,,"100214,100217,100214,100217",deck_LAW14_TYPE6_CHANG_0000.rad,deck_LAW14_TYPE6_CHANG_0000.out,legacy composite solid orthotropic
LAW14,COMPSO,TYPE6,USER1,2,BLOCKED:1130,1130,"100214,100217,100214,100217",deck_LAW14_TYPE6_USER1_0000.rad,deck_LAW14_TYPE6_USER1_0000.out,legacy composite solid orthotropic
LAW14,COMPSO,TYPE6,JOHNSON,0,OK,,"100214,100217,100214,100217",deck_LAW14_TYPE6_JOHNSON_0000.rad,deck_LAW14_TYPE6_JOHNSON_0000.out,legacy composite solid orthotropic
LAW14,COMPSO,TYPE1,base,2,BLOCKED:3046,3046,"100214,100214,100214",deck_LAW14_TYPE1_base_0000.rad,deck_LAW14_TYPE1_base_0000.out,legacy composite solid orthotropic
LAW14,COMPSO,TYPE1,HASHIN,2,BLOCKED:3046,3046,"100214,100214,100214",deck_LAW14_TYPE1_HASHIN_0000.rad,deck_LAW14_TYPE1_HASHIN_0000.out,legacy composite solid orthotropic
LAW14,COMPSO,TYPE1,PUCK,2,BLOCKED:3046,3046,"100214,100214,100214",deck_LAW14_TYPE1_PUCK_0000.rad,deck_LAW14_TYPE1_PUCK_0000.out,legacy composite solid orthotropic
LAW14,COMPSO,TYPE1,TSAIWU,2,BLOCKED:3046,3046,"100214,100214,100214",deck_LAW14_TYPE1_TSAIWU_0000.rad,deck_LAW14_TYPE1_TSAIWU_0000.out,legacy composite solid orthotropic
LAW14,COMPSO,TYPE1,CHANG,2,BLOCKED:3046,3046,"100214,100214,100214",deck_LAW14_TYPE1_CHANG_0000.rad,deck_LAW14_TYPE1_CHANG_0000.out,legacy composite solid orthotropic
LAW14,COMPSO,TYPE1,USER1,2,BLOCKED:1130,1130,"100214,100214,100214",deck_LAW14_TYPE1_USER1_0000.rad,deck_LAW14_TYPE1_USER1_0000.out,legacy composite solid orthotropic
LAW14,COMPSO,TYPE1,JOHNSON,2,BLOCKED:3046,3046,"100214,100214,100214",deck_LAW14_TYPE1_JOHNSON_0000.rad,deck_LAW14_TYPE1_JOHNSON_0000.out,legacy composite solid orthotropic
LAW15,CHANG,TYPE14,base,2,BLOCKED:3046,3046,"100214,100217,100214,100217",deck_LAW15_TYPE14_base_0000.rad,deck_LAW15_TYPE14_base_0000.out,Chang composite shell material
LAW15,CHANG,TYPE14,HASHIN,2,BLOCKED:3046,3046,"100214,100217,100214,100217",deck_LAW15_TYPE14_HASHIN_0000.rad,deck_LAW15_TYPE14_HASHIN_0000.out,Chang composite shell material
LAW15,CHANG,TYPE14,PUCK,2,BLOCKED:3046,3046,"100214,100217,100214,100217",deck_LAW15_TYPE14_PUCK_0000.rad,deck_LAW15_TYPE14_PUCK_0000.out,Chang composite shell material
LAW15,CHANG,TYPE14,TSAIWU,2,BLOCKED:3046,3046,"100214,100217,100214,100217",deck_LAW15_TYPE14_TSAIWU_0000.rad,deck_LAW15_TYPE14_TSAIWU_0000.out,Chang composite shell material
LAW15,CHANG,TYPE14,CHANG,2,BLOCKED:3046,3046,"100214,100217,100214,100217",deck_LAW15_TYPE14_CHANG_0000.rad,deck_LAW15_TYPE14_CHANG_0000.out,Chang composite shell material
LAW15,CHANG,TYPE14,USER1,2,BLOCKED:1130,1130,"100214,100217,100214,100217",deck_LAW15_TYPE14_USER1_0000.rad,deck_LAW15_TYPE14_USER1_0000.out,Chang composite shell material
LAW15,CHANG,TYPE14,JOHNSON,2,BLOCKED:3046,3046,"100214,100217,100214,100217",deck_LAW15_TYPE14_JOHNSON_0000.rad,deck_LAW15_TYPE14_JOHNSON_0000.out,Chang composite shell material
LAW15,CHANG,TYPE6,base,2,BLOCKED:3046,3046,"100214,100217,100214,100217",deck_LAW15_TYPE6_base_0000.rad,deck_LAW15_TYPE6_base_0000.out,Chang composite shell material
LAW15,CHANG,TYPE6,HASHIN,2,BLOCKED:3046,3046,"100214,100217,100214,100217",deck_LAW15_TYPE6_HASHIN_0000.rad,deck_LAW15_TYPE6_HASHIN_0000.out,Chang composite shell material
LAW15,CHANG,TYPE6,PUCK,2,BLOCKED:3046,3046,"100214,100217,100214,100217",deck_LAW15_TYPE6_PUCK_0000.rad,deck_LAW15_TYPE6_PUCK_0000.out,Chang composite shell material
LAW15,CHANG,TYPE6,TSAIWU,2,BLOCKED:3046,3046,"100214,100217,100214,100217",deck_LAW15_TYPE6_TSAIWU_0000.rad,deck_LAW15_TYPE6_TSAIWU_0000.out,Chang composite shell material
LAW15,CHANG,TYPE6,CHANG,2,BLOCKED:3046,3046,"100214,100217,100214,100217",deck_LAW15_TYPE6_CHANG_0000.rad,deck_LAW15_TYPE6_CHANG_0000.out,Chang composite shell material
LAW15,CHANG,TYPE6,USER1,2,BLOCKED:1130,1130,"100214,100217,100214,100217",deck_LAW15_TYPE6_USER1_0000.rad,deck_LAW15_TYPE6_USER1_0000.out,Chang composite shell material
LAW15,CHANG,TYPE6,JOHNSON,2,BLOCKED:3046,3046,"100214,100217,100214,100217",deck_LAW15_TYPE6_JOHNSON_0000.rad,deck_LAW15_TYPE6_JOHNSON_0000.out,Chang composite shell material
LAW15,CHANG,TYPE1,base,2,BLOCKED:1052,1052,"100214,100214,100214",deck_LAW15_TYPE1_base_0000.rad,deck_LAW15_TYPE1_base_0000.out,Chang composite shell material
LAW15,CHANG,TYPE1,HASHIN,2,BLOCKED:1052,1052,"100214,100214,100214",deck_LAW15_TYPE1_HASHIN_0000.rad,deck_LAW15_TYPE1_HASHIN_0000.out,Chang composite shell material
LAW15,CHANG,TYPE1,PUCK,2,BLOCKED:1052,1052,"100214,100214,100214",deck_LAW15_TYPE1_PUCK_0000.rad,deck_LAW15_TYPE1_PUCK_0000.out,Chang composite shell material
LAW15,CHANG,TYPE1,TSAIWU,2,BLOCKED:1052,1052,"100214,100214,100214",deck_LAW15_TYPE1_TSAIWU_0000.rad,deck_LAW15_TYPE1_TSAIWU_0000.out,Chang composite shell material
LAW15,CHANG,TYPE1,CHANG,2,BLOCKED:1052,1052,"100214,100214,100214",deck_LAW15_TYPE1_CHANG_0000.rad,deck_LAW15_TYPE1_CHANG_0000.out,Chang composite shell material
LAW15,CHANG,TYPE1,USER1,2,BLOCKED:1130,1130,"100214,100214,100214",deck_LAW15_TYPE1_USER1_0000.rad,deck_LAW15_TYPE1_USER1_0000.out,Chang composite shell material
LAW15,CHANG,TYPE1,JOHNSON,2,BLOCKED:1052,1052,"100214,100214,100214",deck_LAW15_TYPE1_JOHNSON_0000.rad,deck_LAW15_TYPE1_JOHNSON_0000.out,Chang composite shell material
LAW25,COMPSH,TYPE14,base,2,BLOCKED:3047,3047,"100214,100217,100214,100217",deck_LAW25_TYPE14_base_0000.rad,deck_LAW25_TYPE14_base_0000.out,CRASURV/COMPSH composite shell card
LAW25,COMPSH,TYPE14,HASHIN,2,BLOCKED:3047,3047,"100214,100217,100214,100217",deck_LAW25_TYPE14_HASHIN_0000.rad,deck_LAW25_TYPE14_HASHIN_0000.out,CRASURV/COMPSH composite shell card
LAW25,COMPSH,TYPE14,PUCK,2,BLOCKED:3047,3047,"100214,100217,100214,100217",deck_LAW25_TYPE14_PUCK_0000.rad,deck_LAW25_TYPE14_PUCK_0000.out,CRASURV/COMPSH composite shell card
LAW25,COMPSH,TYPE14,TSAIWU,2,BLOCKED:3047,3047,"100214,100217,100214,100217",deck_LAW25_TYPE14_TSAIWU_0000.rad,deck_LAW25_TYPE14_TSAIWU_0000.out,CRASURV/COMPSH composite shell card
LAW25,COMPSH,TYPE14,CHANG,2,BLOCKED:3047,3047,"100214,100217,100214,100217",deck_LAW25_TYPE14_CHANG_0000.rad,deck_LAW25_TYPE14_CHANG_0000.out,CRASURV/COMPSH composite shell card
LAW25,COMPSH,TYPE14,USER1,2,BLOCKED:1130,1130,"100214,100217,100214,100217",deck_LAW25_TYPE14_USER1_0000.rad,deck_LAW25_TYPE14_USER1_0000.out,CRASURV/COMPSH composite shell card
LAW25,COMPSH,TYPE14,JOHNSON,2,BLOCKED:3047,3047,"100214,100217,3001,100214,100217,3001",deck_LAW25_TYPE14_JOHNSON_0000.rad,deck_LAW25_TYPE14_JOHNSON_0000.out,CRASURV/COMPSH composite shell card
LAW25,COMPSH,TYPE6,base,0,OK,,"100214,100217,100214,100217",deck_LAW25_TYPE6_base_0000.rad,deck_LAW25_TYPE6_base_0000.out,CRASURV/COMPSH composite shell card
LAW25,COMPSH,TYPE6,HASHIN,0,OK,,"100214,100217,100214,100217",deck_LAW25_TYPE6_HASHIN_0000.rad,deck_LAW25_TYPE6_HASHIN_0000.out,CRASURV/COMPSH composite shell card
LAW25,COMPSH,TYPE6,PUCK,0,OK,,"100214,100217,100214,100217",deck_LAW25_TYPE6_PUCK_0000.rad,deck_LAW25_TYPE6_PUCK_0000.out,CRASURV/COMPSH composite shell card
LAW25,COMPSH,TYPE6,TSAIWU,0,OK,,"100214,100217,100214,100217",deck_LAW25_TYPE6_TSAIWU_0000.rad,deck_LAW25_TYPE6_TSAIWU_0000.out,CRASURV/COMPSH composite shell card
LAW25,COMPSH,TYPE6,CHANG,0,OK,,"100214,100217,100214,100217",deck_LAW25_TYPE6_CHANG_0000.rad,deck_LAW25_TYPE6_CHANG_0000.out,CRASURV/COMPSH composite shell card
LAW25,COMPSH,TYPE6,USER1,2,BLOCKED:1130,1130,"100214,100217,100214,100217",deck_LAW25_TYPE6_USER1_0000.rad,deck_LAW25_TYPE6_USER1_0000.out,CRASURV/COMPSH composite shell card
LAW25,COMPSH,TYPE6,JOHNSON,0,OK,,"100214,100217,3001,100214,100217,3001",deck_LAW25_TYPE6_JOHNSON_0000.rad,deck_LAW25_TYPE6_JOHNSON_0000.out,CRASURV/COMPSH composite shell card
LAW25,COMPSH,TYPE1,base,2,BLOCKED:1052,1052,"100214,100214,100214",deck_LAW25_TYPE1_base_0000.rad,deck_LAW25_TYPE1_base_0000.out,CRASURV/COMPSH composite shell card
LAW25,COMPSH,TYPE1,HASHIN,2,BLOCKED:1052,1052,"100214,100214,100214",deck_LAW25_TYPE1_HASHIN_0000.rad,deck_LAW25_TYPE1_HASHIN_0000.out,CRASURV/COMPSH composite shell card
LAW25,COMPSH,TYPE1,PUCK,2,BLOCKED:1052,1052,"100214,100214,100214",deck_LAW25_TYPE1_PUCK_0000.rad,deck_LAW25_TYPE1_PUCK_0000.out,CRASURV/COMPSH composite shell card
LAW25,COMPSH,TYPE1,TSAIWU,2,BLOCKED:1052,1052,"100214,100214,100214",deck_LAW25_TYPE1_TSAIWU_0000.rad,deck_LAW25_TYPE1_TSAIWU_0000.out,CRASURV/COMPSH composite shell card
LAW25,COMPSH,TYPE1,CHANG,2,BLOCKED:1052,1052,"100214,100214,100214",deck_LAW25_TYPE1_CHANG_0000.rad,deck_LAW25_TYPE1_CHANG_0000.out,CRASURV/COMPSH composite shell card
LAW25,COMPSH,TYPE1,USER1,2,BLOCKED:1130,1130,"100214,100214,100214",deck_LAW25_TYPE1_USER1_0000.rad,deck_LAW25_TYPE1_USER1_0000.out,CRASURV/COMPSH composite shell card
LAW25,COMPSH,TYPE1,JOHNSON,2,BLOCKED:1052,1052,"100214,100214,3001,100214,3001",deck_LAW25_TYPE1_JOHNSON_0000.rad,deck_LAW25_TYPE1_JOHNSON_0000.out,CRASURV/COMPSH composite shell card
LAW28,HONEYCOMB,TYPE14,base,2,BLOCKED:3047,3047,"100214,100217,100214,100217",deck_LAW28_TYPE14_base_0000.rad,deck_LAW28_TYPE14_base_0000.out,"orthotropic honeycomb, not a fiber composite ply"
LAW28,HONEYCOMB,TYPE14,HASHIN,2,BLOCKED:3047,3047,"100214,100217,100214,100217",deck_LAW28_TYPE14_HASHIN_0000.rad,deck_LAW28_TYPE14_HASHIN_0000.out,"orthotropic honeycomb, not a fiber composite ply"
LAW28,HONEYCOMB,TYPE14,PUCK,2,BLOCKED:3047,3047,"100214,100217,100214,100217",deck_LAW28_TYPE14_PUCK_0000.rad,deck_LAW28_TYPE14_PUCK_0000.out,"orthotropic honeycomb, not a fiber composite ply"
LAW28,HONEYCOMB,TYPE14,TSAIWU,2,BLOCKED:3047,3047,"100214,100217,100214,100217",deck_LAW28_TYPE14_TSAIWU_0000.rad,deck_LAW28_TYPE14_TSAIWU_0000.out,"orthotropic honeycomb, not a fiber composite ply"
LAW28,HONEYCOMB,TYPE14,CHANG,2,BLOCKED:3047,3047,"100214,100217,100214,100217",deck_LAW28_TYPE14_CHANG_0000.rad,deck_LAW28_TYPE14_CHANG_0000.out,"orthotropic honeycomb, not a fiber composite ply"
LAW28,HONEYCOMB,TYPE14,USER1,2,BLOCKED:1130,1130,"100214,100217,100214,100217",deck_LAW28_TYPE14_USER1_0000.rad,deck_LAW28_TYPE14_USER1_0000.out,"orthotropic honeycomb, not a fiber composite ply"
LAW28,HONEYCOMB,TYPE14,JOHNSON,2,BLOCKED:3047,3047,"100214,100217,100214,100217",deck_LAW28_TYPE14_JOHNSON_0000.rad,deck_LAW28_TYPE14_JOHNSON_0000.out,"orthotropic honeycomb, not a fiber composite ply"
LAW28,HONEYCOMB,TYPE6,base,0,OK,,"100214,100217,100214,100217",deck_LAW28_TYPE6_base_0000.rad,deck_LAW28_TYPE6_base_0000.out,"orthotropic honeycomb, not a fiber composite ply"
LAW28,HONEYCOMB,TYPE6,HASHIN,0,OK,,"100214,100217,100214,100217",deck_LAW28_TYPE6_HASHIN_0000.rad,deck_LAW28_TYPE6_HASHIN_0000.out,"orthotropic honeycomb, not a fiber composite ply"
LAW28,HONEYCOMB,TYPE6,PUCK,0,OK,,"100214,100217,100214,100217",deck_LAW28_TYPE6_PUCK_0000.rad,deck_LAW28_TYPE6_PUCK_0000.out,"orthotropic honeycomb, not a fiber composite ply"
LAW28,HONEYCOMB,TYPE6,TSAIWU,0,OK,,"100214,100217,100214,100217",deck_LAW28_TYPE6_TSAIWU_0000.rad,deck_LAW28_TYPE6_TSAIWU_0000.out,"orthotropic honeycomb, not a fiber composite ply"
LAW28,HONEYCOMB,TYPE6,CHANG,0,OK,,"100214,100217,100214,100217",deck_LAW28_TYPE6_CHANG_0000.rad,deck_LAW28_TYPE6_CHANG_0000.out,"orthotropic honeycomb, not a fiber composite ply"
LAW28,HONEYCOMB,TYPE6,USER1,2,BLOCKED:1130,1130,"100214,100217,100214,100217",deck_LAW28_TYPE6_USER1_0000.rad,deck_LAW28_TYPE6_USER1_0000.out,"orthotropic honeycomb, not a fiber composite ply"
LAW28,HONEYCOMB,TYPE6,JOHNSON,0,OK,,"100214,100217,100214,100217",deck_LAW28_TYPE6_JOHNSON_0000.rad,deck_LAW28_TYPE6_JOHNSON_0000.out,"orthotropic honeycomb, not a fiber composite ply"
LAW28,HONEYCOMB,TYPE1,base,2,BLOCKED:3046,3046,"100214,100214,100214",deck_LAW28_TYPE1_base_0000.rad,deck_LAW28_TYPE1_base_0000.out,"orthotropic honeycomb, not a fiber composite ply"
LAW28,HONEYCOMB,TYPE1,HASHIN,2,BLOCKED:3046,3046,"100214,100214,100214",deck_LAW28_TYPE1_HASHIN_0000.rad,deck_LAW28_TYPE1_HASHIN_0000.out,"orthotropic honeycomb, not a fiber composite ply"
LAW28,HONEYCOMB,TYPE1,PUCK,2,BLOCKED:3046,3046,"100214,100214,100214",deck_LAW28_TYPE1_PUCK_0000.rad,deck_LAW28_TYPE1_PUCK_0000.out,"orthotropic honeycomb, not a fiber composite ply"
LAW28,HONEYCOMB,TYPE1,TSAIWU,2,BLOCKED:3046,3046,"100214,100214,100214",deck_LAW28_TYPE1_TSAIWU_0000.rad,deck_LAW28_TYPE1_TSAIWU_0000.out,"orthotropic honeycomb, not a fiber composite ply"
LAW28,HONEYCOMB,TYPE1,CHANG,2,BLOCKED:3046,3046,"100214,100214,100214",deck_LAW28_TYPE1_CHANG_0000.rad,deck_LAW28_TYPE1_CHANG_0000.out,"orthotropic honeycomb, not a fiber composite ply"
LAW28,HONEYCOMB,TYPE1,USER1,2,BLOCKED:1130,1130,"100214,100214,100214",deck_LAW28_TYPE1_USER1_0000.rad,deck_LAW28_TYPE1_USER1_0000.out,"orthotropic honeycomb, not a fiber composite ply"
LAW28,HONEYCOMB,TYPE1,JOHNSON,2,BLOCKED:3046,3046,"100214,100214,100214",deck_LAW28_TYPE1_JOHNSON_0000.rad,deck_LAW28_TYPE1_JOHNSON_0000.out,"orthotropic honeycomb, not a fiber composite ply"
LAW42,OGDEN,TYPE14,base,0,OK,,"100214,100217,100214,100217",deck_LAW42_TYPE14_base_0000.rad,deck_LAW42_TYPE14_base_0000.out,hyperelastic rubber control
LAW42,OGDEN,TYPE14,HASHIN,0,OK,,"100214,100217,100214,100217",deck_LAW42_TYPE14_HASHIN_0000.rad,deck_LAW42_TYPE14_HASHIN_0000.out,hyperelastic rubber control
LAW42,OGDEN,TYPE14,PUCK,0,OK,,"100214,100217,100214,100217",deck_LAW42_TYPE14_PUCK_0000.rad,deck_LAW42_TYPE14_PUCK_0000.out,hyperelastic rubber control
LAW42,OGDEN,TYPE14,TSAIWU,0,OK,,"100214,100217,100214,100217",deck_LAW42_TYPE14_TSAIWU_0000.rad,deck_LAW42_TYPE14_TSAIWU_0000.out,hyperelastic rubber control
LAW42,OGDEN,TYPE14,CHANG,0,OK,,"100214,100217,100214,100217",deck_LAW42_TYPE14_CHANG_0000.rad,deck_LAW42_TYPE14_CHANG_0000.out,hyperelastic rubber control
LAW42,OGDEN,TYPE14,USER1,2,BLOCKED:1130,1130,"100214,100217,100214,100217",deck_LAW42_TYPE14_USER1_0000.rad,deck_LAW42_TYPE14_USER1_0000.out,hyperelastic rubber control
LAW42,OGDEN,TYPE14,JOHNSON,0,OK,,"100214,100217,100214,100217",deck_LAW42_TYPE14_JOHNSON_0000.rad,deck_LAW42_TYPE14_JOHNSON_0000.out,hyperelastic rubber control
LAW42,OGDEN,TYPE6,base,0,OK,,"100214,100217,100214,100217",deck_LAW42_TYPE6_base_0000.rad,deck_LAW42_TYPE6_base_0000.out,hyperelastic rubber control
LAW42,OGDEN,TYPE6,HASHIN,0,OK,,"100214,100217,100214,100217",deck_LAW42_TYPE6_HASHIN_0000.rad,deck_LAW42_TYPE6_HASHIN_0000.out,hyperelastic rubber control
LAW42,OGDEN,TYPE6,PUCK,0,OK,,"100214,100217,100214,100217",deck_LAW42_TYPE6_PUCK_0000.rad,deck_LAW42_TYPE6_PUCK_0000.out,hyperelastic rubber control
LAW42,OGDEN,TYPE6,TSAIWU,0,OK,,"100214,100217,100214,100217",deck_LAW42_TYPE6_TSAIWU_0000.rad,deck_LAW42_TYPE6_TSAIWU_0000.out,hyperelastic rubber control
LAW42,OGDEN,TYPE6,CHANG,0,OK,,"100214,100217,100214,100217",deck_LAW42_TYPE6_CHANG_0000.rad,deck_LAW42_TYPE6_CHANG_0000.out,hyperelastic rubber control
LAW42,OGDEN,TYPE6,USER1,2,BLOCKED:1130,1130,"100214,100217,100214,100217",deck_LAW42_TYPE6_USER1_0000.rad,deck_LAW42_TYPE6_USER1_0000.out,hyperelastic rubber control
LAW42,OGDEN,TYPE6,JOHNSON,0,OK,,"100214,100217,100214,100217",deck_LAW42_TYPE6_JOHNSON_0000.rad,deck_LAW42_TYPE6_JOHNSON_0000.out,hyperelastic rubber control
LAW42,OGDEN,TYPE1,base,0,OK,,"100214,100214,100214",deck_LAW42_TYPE1_base_0000.rad,deck_LAW42_TYPE1_base_0000.out,hyperelastic rubber control
LAW42,OGDEN,TYPE1,HASHIN,0,OK,,"100214,100214,100214",deck_LAW42_TYPE1_HASHIN_0000.rad,deck_LAW42_TYPE1_HASHIN_0000.out,hyperelastic rubber control
LAW42,OGDEN,TYPE1,PUCK,0,OK,,"100214,100214,100214",deck_LAW42_TYPE1_PUCK_0000.rad,deck_LAW42_TYPE1_PUCK_0000.out,hyperelastic rubber control
LAW42,OGDEN,TYPE1,TSAIWU,0,OK,,"100214,100214,100214",deck_LAW42_TYPE1_TSAIWU_0000.rad,deck_LAW42_TYPE1_TSAIWU_0000.out,hyperelastic rubber control
LAW42,OGDEN,TYPE1,CHANG,0,OK,,"100214,100214,100214",deck_LAW42_TYPE1_CHANG_0000.rad,deck_LAW42_TYPE1_CHANG_0000.out,hyperelastic rubber control
LAW42,OGDEN,TYPE1,USER1,2,BLOCKED:1130,1130,"100214,100214,100214",deck_LAW42_TYPE1_USER1_0000.rad,deck_LAW42_TYPE1_USER1_0000.out,hyperelastic rubber control
LAW42,OGDEN,TYPE1,JOHNSON,0,OK,,"100214,100214,100214",deck_LAW42_TYPE1_JOHNSON_0000.rad,deck_LAW42_TYPE1_JOHNSON_0000.out,hyperelastic rubber control
LAW53,TSAI_TAB,TYPE14,base,2,BLOCKED:3047,3047,"100214,100217,100214,100217",deck_LAW53_TYPE14_base_0000.rad,deck_LAW53_TYPE14_base_0000.out,Tsai tabulated anisotropic law
LAW53,TSAI_TAB,TYPE14,HASHIN,2,BLOCKED:3047,3047,"100214,100217,100214,100217",deck_LAW53_TYPE14_HASHIN_0000.rad,deck_LAW53_TYPE14_HASHIN_0000.out,Tsai tabulated anisotropic law
LAW53,TSAI_TAB,TYPE14,PUCK,2,BLOCKED:3047,3047,"100214,100217,100214,100217",deck_LAW53_TYPE14_PUCK_0000.rad,deck_LAW53_TYPE14_PUCK_0000.out,Tsai tabulated anisotropic law
LAW53,TSAI_TAB,TYPE14,TSAIWU,2,BLOCKED:3047,3047,"100214,100217,100214,100217",deck_LAW53_TYPE14_TSAIWU_0000.rad,deck_LAW53_TYPE14_TSAIWU_0000.out,Tsai tabulated anisotropic law
LAW53,TSAI_TAB,TYPE14,CHANG,2,BLOCKED:3047,3047,"100214,100217,100214,100217",deck_LAW53_TYPE14_CHANG_0000.rad,deck_LAW53_TYPE14_CHANG_0000.out,Tsai tabulated anisotropic law
LAW53,TSAI_TAB,TYPE14,USER1,2,BLOCKED:1130,1130,"100214,100217,100214,100217",deck_LAW53_TYPE14_USER1_0000.rad,deck_LAW53_TYPE14_USER1_0000.out,Tsai tabulated anisotropic law
LAW53,TSAI_TAB,TYPE14,JOHNSON,2,BLOCKED:3047,3047,"100214,100217,100214,100217",deck_LAW53_TYPE14_JOHNSON_0000.rad,deck_LAW53_TYPE14_JOHNSON_0000.out,Tsai tabulated anisotropic law
LAW53,TSAI_TAB,TYPE6,base,0,OK,,"100214,100217,100214,100217",deck_LAW53_TYPE6_base_0000.rad,deck_LAW53_TYPE6_base_0000.out,Tsai tabulated anisotropic law
LAW53,TSAI_TAB,TYPE6,HASHIN,0,OK,,"100214,100217,100214,100217",deck_LAW53_TYPE6_HASHIN_0000.rad,deck_LAW53_TYPE6_HASHIN_0000.out,Tsai tabulated anisotropic law
LAW53,TSAI_TAB,TYPE6,PUCK,0,OK,,"100214,100217,100214,100217",deck_LAW53_TYPE6_PUCK_0000.rad,deck_LAW53_TYPE6_PUCK_0000.out,Tsai tabulated anisotropic law
LAW53,TSAI_TAB,TYPE6,TSAIWU,0,OK,,"100214,100217,100214,100217",deck_LAW53_TYPE6_TSAIWU_0000.rad,deck_LAW53_TYPE6_TSAIWU_0000.out,Tsai tabulated anisotropic law
LAW53,TSAI_TAB,TYPE6,CHANG,0,OK,,"100214,100217,100214,100217",deck_LAW53_TYPE6_CHANG_0000.rad,deck_LAW53_TYPE6_CHANG_0000.out,Tsai tabulated anisotropic law
LAW53,TSAI_TAB,TYPE6,USER1,2,BLOCKED:1130,1130,"100214,100217,100214,100217",deck_LAW53_TYPE6_USER1_0000.rad,deck_LAW53_TYPE6_USER1_0000.out,Tsai tabulated anisotropic law
LAW53,TSAI_TAB,TYPE6,JOHNSON,0,OK,,"100214,100217,100214,100217",deck_LAW53_TYPE6_JOHNSON_0000.rad,deck_LAW53_TYPE6_JOHNSON_0000.out,Tsai tabulated anisotropic law
LAW53,TSAI_TAB,TYPE1,base,2,BLOCKED:3046,3046,"100214,100214,100214",deck_LAW53_TYPE1_base_0000.rad,deck_LAW53_TYPE1_base_0000.out,Tsai tabulated anisotropic law
LAW53,TSAI_TAB,TYPE1,HASHIN,2,BLOCKED:3046,3046,"100214,100214,100214",deck_LAW53_TYPE1_HASHIN_0000.rad,deck_LAW53_TYPE1_HASHIN_0000.out,Tsai tabulated anisotropic law
LAW53,TSAI_TAB,TYPE1,PUCK,2,BLOCKED:3046,3046,"100214,100214,100214",deck_LAW53_TYPE1_PUCK_0000.rad,deck_LAW53_TYPE1_PUCK_0000.out,Tsai tabulated anisotropic law
LAW53,TSAI_TAB,TYPE1,TSAIWU,2,BLOCKED:3046,3046,"100214,100214,100214",deck_LAW53_TYPE1_TSAIWU_0000.rad,deck_LAW53_TYPE1_TSAIWU_0000.out,Tsai tabulated anisotropic law
LAW53,TSAI_TAB,TYPE1,CHANG,2,BLOCKED:3046,3046,"100214,100214,100214",deck_LAW53_TYPE1_CHANG_0000.rad,deck_LAW53_TYPE1_CHANG_0000.out,Tsai tabulated anisotropic law
LAW53,TSAI_TAB,TYPE1,USER1,2,BLOCKED:1130,1130,"100214,100214,100214",deck_LAW53_TYPE1_USER1_0000.rad,deck_LAW53_TYPE1_USER1_0000.out,Tsai tabulated anisotropic law
LAW53,TSAI_TAB,TYPE1,JOHNSON,2,BLOCKED:3046,3046,"100214,100214,100214",deck_LAW53_TYPE1_JOHNSON_0000.rad,deck_LAW53_TYPE1_JOHNSON_0000.out,Tsai tabulated anisotropic law
LAW58,FABR_A,TYPE14,base,2,BLOCKED:3046,3046,"100214,100217,100214,100217",deck_LAW58_TYPE14_base_0000.rad,deck_LAW58_TYPE14_base_0000.out,fabric anisotropic material
LAW58,FABR_A,TYPE14,HASHIN,2,BLOCKED:3046,3046,"100214,100217,100214,100217",deck_LAW58_TYPE14_HASHIN_0000.rad,deck_LAW58_TYPE14_HASHIN_0000.out,fabric anisotropic material
LAW58,FABR_A,TYPE14,PUCK,2,BLOCKED:3046,3046,"100214,100217,100214,100217",deck_LAW58_TYPE14_PUCK_0000.rad,deck_LAW58_TYPE14_PUCK_0000.out,fabric anisotropic material
LAW58,FABR_A,TYPE14,TSAIWU,2,BLOCKED:3046,3046,"100214,100217,100214,100217",deck_LAW58_TYPE14_TSAIWU_0000.rad,deck_LAW58_TYPE14_TSAIWU_0000.out,fabric anisotropic material
LAW58,FABR_A,TYPE14,CHANG,2,BLOCKED:3046,3046,"100214,100217,100214,100217",deck_LAW58_TYPE14_CHANG_0000.rad,deck_LAW58_TYPE14_CHANG_0000.out,fabric anisotropic material
LAW58,FABR_A,TYPE14,USER1,2,BLOCKED:1130,1130,"100214,100217,100214,100217",deck_LAW58_TYPE14_USER1_0000.rad,deck_LAW58_TYPE14_USER1_0000.out,fabric anisotropic material
LAW58,FABR_A,TYPE14,JOHNSON,2,BLOCKED:3046,3046,"100214,100217,100214,100217",deck_LAW58_TYPE14_JOHNSON_0000.rad,deck_LAW58_TYPE14_JOHNSON_0000.out,fabric anisotropic material
LAW58,FABR_A,TYPE6,base,2,BLOCKED:3046,3046,"100214,100217,100214,100217",deck_LAW58_TYPE6_base_0000.rad,deck_LAW58_TYPE6_base_0000.out,fabric anisotropic material
LAW58,FABR_A,TYPE6,HASHIN,2,BLOCKED:3046,3046,"100214,100217,100214,100217",deck_LAW58_TYPE6_HASHIN_0000.rad,deck_LAW58_TYPE6_HASHIN_0000.out,fabric anisotropic material
LAW58,FABR_A,TYPE6,PUCK,2,BLOCKED:3046,3046,"100214,100217,100214,100217",deck_LAW58_TYPE6_PUCK_0000.rad,deck_LAW58_TYPE6_PUCK_0000.out,fabric anisotropic material
LAW58,FABR_A,TYPE6,TSAIWU,2,BLOCKED:3046,3046,"100214,100217,100214,100217",deck_LAW58_TYPE6_TSAIWU_0000.rad,deck_LAW58_TYPE6_TSAIWU_0000.out,fabric anisotropic material
LAW58,FABR_A,TYPE6,CHANG,2,BLOCKED:3046,3046,"100214,100217,100214,100217",deck_LAW58_TYPE6_CHANG_0000.rad,deck_LAW58_TYPE6_CHANG_0000.out,fabric anisotropic material
LAW58,FABR_A,TYPE6,USER1,2,BLOCKED:1130,1130,"100214,100217,100214,100217",deck_LAW58_TYPE6_USER1_0000.rad,deck_LAW58_TYPE6_USER1_0000.out,fabric anisotropic material
LAW58,FABR_A,TYPE6,JOHNSON,2,BLOCKED:3046,3046,"100214,100217,100214,100217",deck_LAW58_TYPE6_JOHNSON_0000.rad,deck_LAW58_TYPE6_JOHNSON_0000.out,fabric anisotropic material
LAW58,FABR_A,TYPE1,base,2,BLOCKED:3047,3047,"100214,100214,100214",deck_LAW58_TYPE1_base_0000.rad,deck_LAW58_TYPE1_base_0000.out,fabric anisotropic material
LAW58,FABR_A,TYPE1,HASHIN,2,BLOCKED:3047,3047,"100214,100214,100214",deck_LAW58_TYPE1_HASHIN_0000.rad,deck_LAW58_TYPE1_HASHIN_0000.out,fabric anisotropic material
LAW58,FABR_A,TYPE1,PUCK,2,BLOCKED:3047,3047,"100214,100214,100214",deck_LAW58_TYPE1_PUCK_0000.rad,deck_LAW58_TYPE1_PUCK_0000.out,fabric anisotropic material
LAW58,FABR_A,TYPE1,TSAIWU,2,BLOCKED:3047,3047,"100214,100214,100214",deck_LAW58_TYPE1_TSAIWU_0000.rad,deck_LAW58_TYPE1_TSAIWU_0000.out,fabric anisotropic material
LAW58,FABR_A,TYPE1,CHANG,2,BLOCKED:3047,3047,"100214,100214,100214",deck_LAW58_TYPE1_CHANG_0000.rad,deck_LAW58_TYPE1_CHANG_0000.out,fabric anisotropic material
LAW58,FABR_A,TYPE1,USER1,2,BLOCKED:1130,1130,"100214,100214,100214",deck_LAW58_TYPE1_USER1_0000.rad,deck_LAW58_TYPE1_USER1_0000.out,fabric anisotropic material
LAW58,FABR_A,TYPE1,JOHNSON,2,BLOCKED:3047,3047,"100214,100214,100214",deck_LAW58_TYPE1_JOHNSON_0000.rad,deck_LAW58_TYPE1_JOHNSON_0000.out,fabric anisotropic material
LAW62,VISC_HYP,TYPE14,base,0,OK,,"100214,100217,100214,100217",deck_LAW62_TYPE14_base_0000.rad,deck_LAW62_TYPE14_base_0000.out,visco-hyperelastic rubber control
LAW62,VISC_HYP,TYPE14,HASHIN,0,OK,,"100214,100217,100214,100217",deck_LAW62_TYPE14_HASHIN_0000.rad,deck_LAW62_TYPE14_HASHIN_0000.out,visco-hyperelastic rubber control
LAW62,VISC_HYP,TYPE14,PUCK,0,OK,,"100214,100217,100214,100217",deck_LAW62_TYPE14_PUCK_0000.rad,deck_LAW62_TYPE14_PUCK_0000.out,visco-hyperelastic rubber control
LAW62,VISC_HYP,TYPE14,TSAIWU,0,OK,,"100214,100217,100214,100217",deck_LAW62_TYPE14_TSAIWU_0000.rad,deck_LAW62_TYPE14_TSAIWU_0000.out,visco-hyperelastic rubber control
LAW62,VISC_HYP,TYPE14,CHANG,0,OK,,"100214,100217,100214,100217",deck_LAW62_TYPE14_CHANG_0000.rad,deck_LAW62_TYPE14_CHANG_0000.out,visco-hyperelastic rubber control
LAW62,VISC_HYP,TYPE14,USER1,2,BLOCKED:1130,1130,"100214,100217,100214,100217",deck_LAW62_TYPE14_USER1_0000.rad,deck_LAW62_TYPE14_USER1_0000.out,visco-hyperelastic rubber control
LAW62,VISC_HYP,TYPE14,JOHNSON,0,OK,,"100214,100217,100214,100217",deck_LAW62_TYPE14_JOHNSON_0000.rad,deck_LAW62_TYPE14_JOHNSON_0000.out,visco-hyperelastic rubber control
LAW62,VISC_HYP,TYPE6,base,0,OK,,"100214,100217,100214,100217",deck_LAW62_TYPE6_base_0000.rad,deck_LAW62_TYPE6_base_0000.out,visco-hyperelastic rubber control
LAW62,VISC_HYP,TYPE6,HASHIN,0,OK,,"100214,100217,100214,100217",deck_LAW62_TYPE6_HASHIN_0000.rad,deck_LAW62_TYPE6_HASHIN_0000.out,visco-hyperelastic rubber control
LAW62,VISC_HYP,TYPE6,PUCK,0,OK,,"100214,100217,100214,100217",deck_LAW62_TYPE6_PUCK_0000.rad,deck_LAW62_TYPE6_PUCK_0000.out,visco-hyperelastic rubber control
LAW62,VISC_HYP,TYPE6,TSAIWU,0,OK,,"100214,100217,100214,100217",deck_LAW62_TYPE6_TSAIWU_0000.rad,deck_LAW62_TYPE6_TSAIWU_0000.out,visco-hyperelastic rubber control
LAW62,VISC_HYP,TYPE6,CHANG,0,OK,,"100214,100217,100214,100217",deck_LAW62_TYPE6_CHANG_0000.rad,deck_LAW62_TYPE6_CHANG_0000.out,visco-hyperelastic rubber control
LAW62,VISC_HYP,TYPE6,USER1,2,BLOCKED:1130,1130,"100214,100217,100214,100217",deck_LAW62_TYPE6_USER1_0000.rad,deck_LAW62_TYPE6_USER1_0000.out,visco-hyperelastic rubber control
LAW62,VISC_HYP,TYPE6,JOHNSON,0,OK,,"100214,100217,100214,100217",deck_LAW62_TYPE6_JOHNSON_0000.rad,deck_LAW62_TYPE6_JOHNSON_0000.out,visco-hyperelastic rubber control
LAW62,VISC_HYP,TYPE1,base,0,OK,,"100214,100214,100214",deck_LAW62_TYPE1_base_0000.rad,deck_LAW62_TYPE1_base_0000.out,visco-hyperelastic rubber control
LAW62,VISC_HYP,TYPE1,HASHIN,0,OK,,"100214,100214,100214",deck_LAW62_TYPE1_HASHIN_0000.rad,deck_LAW62_TYPE1_HASHIN_0000.out,visco-hyperelastic rubber control
LAW62,VISC_HYP,TYPE1,PUCK,0,OK,,"100214,100214,100214",deck_LAW62_TYPE1_PUCK_0000.rad,deck_LAW62_TYPE1_PUCK_0000.out,visco-hyperelastic rubber control
LAW62,VISC_HYP,TYPE1,TSAIWU,0,OK,,"100214,100214,100214",deck_LAW62_TYPE1_TSAIWU_0000.rad,deck_LAW62_TYPE1_TSAIWU_0000.out,visco-hyperelastic rubber control
LAW62,VISC_HYP,TYPE1,CHANG,0,OK,,"100214,100214,100214",deck_LAW62_TYPE1_CHANG_0000.rad,deck_LAW62_TYPE1_CHANG_0000.out,visco-hyperelastic rubber control
LAW62,VISC_HYP,TYPE1,USER1,2,BLOCKED:1130,1130,"100214,100214,100214",deck_LAW62_TYPE1_USER1_0000.rad,deck_LAW62_TYPE1_USER1_0000.out,visco-hyperelastic rubber control
LAW62,VISC_HYP,TYPE1,JOHNSON,0,OK,,"100214,100214,100214",deck_LAW62_TYPE1_JOHNSON_0000.rad,deck_LAW62_TYPE1_JOHNSON_0000.out,visco-hyperelastic rubber control
LAW123,LAMINATED_FRACTURE_DAIMLER_PINHO,TYPE14,base,2,BLOCKED:3033,3033,"100214,100217,100214,100217",deck_LAW123_TYPE14_base_0000.rad,deck_LAW123_TYPE14_base_0000.out,"laminated composite fracture, Pinho"
LAW123,LAMINATED_FRACTURE_DAIMLER_PINHO,TYPE14,HASHIN,2,BLOCKED:3033,3033,"100214,100217,100214,100217",deck_LAW123_TYPE14_HASHIN_0000.rad,deck_LAW123_TYPE14_HASHIN_0000.out,"laminated composite fracture, Pinho"
LAW123,LAMINATED_FRACTURE_DAIMLER_PINHO,TYPE14,PUCK,2,BLOCKED:3033,3033,"100214,100217,100214,100217",deck_LAW123_TYPE14_PUCK_0000.rad,deck_LAW123_TYPE14_PUCK_0000.out,"laminated composite fracture, Pinho"
LAW123,LAMINATED_FRACTURE_DAIMLER_PINHO,TYPE14,TSAIWU,2,BLOCKED:3033,3033,"100214,100217,100214,100217",deck_LAW123_TYPE14_TSAIWU_0000.rad,deck_LAW123_TYPE14_TSAIWU_0000.out,"laminated composite fracture, Pinho"
LAW123,LAMINATED_FRACTURE_DAIMLER_PINHO,TYPE14,CHANG,2,BLOCKED:3033,3033,"100214,100217,100214,100217",deck_LAW123_TYPE14_CHANG_0000.rad,deck_LAW123_TYPE14_CHANG_0000.out,"laminated composite fracture, Pinho"
LAW123,LAMINATED_FRACTURE_DAIMLER_PINHO,TYPE14,USER1,2,BLOCKED:3033,3033,"100214,100217,100214,100217",deck_LAW123_TYPE14_USER1_0000.rad,deck_LAW123_TYPE14_USER1_0000.out,"laminated composite fracture, Pinho"
LAW123,LAMINATED_FRACTURE_DAIMLER_PINHO,TYPE14,JOHNSON,2,BLOCKED:3033,3033,"100214,100217,100214,100217",deck_LAW123_TYPE14_JOHNSON_0000.rad,deck_LAW123_TYPE14_JOHNSON_0000.out,"laminated composite fracture, Pinho"
LAW123,LAMINATED_FRACTURE_DAIMLER_PINHO,TYPE6,base,2,BLOCKED:3033,3033,"100214,100217,100214,100217",deck_LAW123_TYPE6_base_0000.rad,deck_LAW123_TYPE6_base_0000.out,"laminated composite fracture, Pinho"
LAW123,LAMINATED_FRACTURE_DAIMLER_PINHO,TYPE6,HASHIN,2,BLOCKED:3033,3033,"100214,100217,100214,100217",deck_LAW123_TYPE6_HASHIN_0000.rad,deck_LAW123_TYPE6_HASHIN_0000.out,"laminated composite fracture, Pinho"
LAW123,LAMINATED_FRACTURE_DAIMLER_PINHO,TYPE6,PUCK,2,BLOCKED:3033,3033,"100214,100217,100214,100217",deck_LAW123_TYPE6_PUCK_0000.rad,deck_LAW123_TYPE6_PUCK_0000.out,"laminated composite fracture, Pinho"
LAW123,LAMINATED_FRACTURE_DAIMLER_PINHO,TYPE6,TSAIWU,2,BLOCKED:3033,3033,"100214,100217,100214,100217",deck_LAW123_TYPE6_TSAIWU_0000.rad,deck_LAW123_TYPE6_TSAIWU_0000.out,"laminated composite fracture, Pinho"
LAW123,LAMINATED_FRACTURE_DAIMLER_PINHO,TYPE6,CHANG,2,BLOCKED:3033,3033,"100214,100217,100214,100217",deck_LAW123_TYPE6_CHANG_0000.rad,deck_LAW123_TYPE6_CHANG_0000.out,"laminated composite fracture, Pinho"
LAW123,LAMINATED_FRACTURE_DAIMLER_PINHO,TYPE6,USER1,2,BLOCKED:3033,3033,"100214,100217,100214,100217",deck_LAW123_TYPE6_USER1_0000.rad,deck_LAW123_TYPE6_USER1_0000.out,"laminated composite fracture, Pinho"
LAW123,LAMINATED_FRACTURE_DAIMLER_PINHO,TYPE6,JOHNSON,2,BLOCKED:3033,3033,"100214,100217,100214,100217",deck_LAW123_TYPE6_JOHNSON_0000.rad,deck_LAW123_TYPE6_JOHNSON_0000.out,"laminated composite fracture, Pinho"
LAW123,LAMINATED_FRACTURE_DAIMLER_PINHO,TYPE1,base,2,BLOCKED:3033,3033,"100214,100214,100214",deck_LAW123_TYPE1_base_0000.rad,deck_LAW123_TYPE1_base_0000.out,"laminated composite fracture, Pinho"
LAW123,LAMINATED_FRACTURE_DAIMLER_PINHO,TYPE1,HASHIN,2,BLOCKED:3033,3033,"100214,100214,100214",deck_LAW123_TYPE1_HASHIN_0000.rad,deck_LAW123_TYPE1_HASHIN_0000.out,"laminated composite fracture, Pinho"
LAW123,LAMINATED_FRACTURE_DAIMLER_PINHO,TYPE1,PUCK,2,BLOCKED:3033,3033,"100214,100214,100214",deck_LAW123_TYPE1_PUCK_0000.rad,deck_LAW123_TYPE1_PUCK_0000.out,"laminated composite fracture, Pinho"
LAW123,LAMINATED_FRACTURE_DAIMLER_PINHO,TYPE1,TSAIWU,2,BLOCKED:3033,3033,"100214,100214,100214",deck_LAW123_TYPE1_TSAIWU_0000.rad,deck_LAW123_TYPE1_TSAIWU_0000.out,"laminated composite fracture, Pinho"
LAW123,LAMINATED_FRACTURE_DAIMLER_PINHO,TYPE1,CHANG,2,BLOCKED:3033,3033,"100214,100214,100214",deck_LAW123_TYPE1_CHANG_0000.rad,deck_LAW123_TYPE1_CHANG_0000.out,"laminated composite fracture, Pinho"
LAW123,LAMINATED_FRACTURE_DAIMLER_PINHO,TYPE1,USER1,2,BLOCKED:3033,3033,"100214,100214,100214",deck_LAW123_TYPE1_USER1_0000.rad,deck_LAW123_TYPE1_USER1_0000.out,"laminated composite fracture, Pinho"
LAW123,LAMINATED_FRACTURE_DAIMLER_PINHO,TYPE1,JOHNSON,2,BLOCKED:3033,3033,"100214,100214,100214",deck_LAW123_TYPE1_JOHNSON_0000.rad,deck_LAW123_TYPE1_JOHNSON_0000.out,"laminated composite fracture, Pinho"
LAW125,LAMINATED_COMPOSITE,TYPE14,base,2,BLOCKED:3068,3068,"100214,100217,100214,100217",deck_LAW125_TYPE14_base_0000.rad,deck_LAW125_TYPE14_base_0000.out,laminated composite with built-in failure
LAW125,LAMINATED_COMPOSITE,TYPE14,HASHIN,2,BLOCKED:3068,3068,"100214,100217,100214,100217",deck_LAW125_TYPE14_HASHIN_0000.rad,deck_LAW125_TYPE14_HASHIN_0000.out,laminated composite with built-in failure
LAW125,LAMINATED_COMPOSITE,TYPE14,PUCK,2,BLOCKED:3068,3068,"100214,100217,100214,100217",deck_LAW125_TYPE14_PUCK_0000.rad,deck_LAW125_TYPE14_PUCK_0000.out,laminated composite with built-in failure
LAW125,LAMINATED_COMPOSITE,TYPE14,TSAIWU,2,BLOCKED:3068,3068,"100214,100217,100214,100217",deck_LAW125_TYPE14_TSAIWU_0000.rad,deck_LAW125_TYPE14_TSAIWU_0000.out,laminated composite with built-in failure
LAW125,LAMINATED_COMPOSITE,TYPE14,CHANG,2,BLOCKED:3068,3068,"100214,100217,100214,100217",deck_LAW125_TYPE14_CHANG_0000.rad,deck_LAW125_TYPE14_CHANG_0000.out,laminated composite with built-in failure
LAW125,LAMINATED_COMPOSITE,TYPE14,USER1,2,BLOCKED:3068,3068,"100214,100217,100214,100217",deck_LAW125_TYPE14_USER1_0000.rad,deck_LAW125_TYPE14_USER1_0000.out,laminated composite with built-in failure
LAW125,LAMINATED_COMPOSITE,TYPE14,JOHNSON,2,BLOCKED:3068,3068,"100214,100217,100214,100217",deck_LAW125_TYPE14_JOHNSON_0000.rad,deck_LAW125_TYPE14_JOHNSON_0000.out,laminated composite with built-in failure
LAW125,LAMINATED_COMPOSITE,TYPE6,base,2,BLOCKED:3068,3068,"100214,100217,100214,100217",deck_LAW125_TYPE6_base_0000.rad,deck_LAW125_TYPE6_base_0000.out,laminated composite with built-in failure
LAW125,LAMINATED_COMPOSITE,TYPE6,HASHIN,2,BLOCKED:3068,3068,"100214,100217,100214,100217",deck_LAW125_TYPE6_HASHIN_0000.rad,deck_LAW125_TYPE6_HASHIN_0000.out,laminated composite with built-in failure
LAW125,LAMINATED_COMPOSITE,TYPE6,PUCK,2,BLOCKED:3068,3068,"100214,100217,100214,100217",deck_LAW125_TYPE6_PUCK_0000.rad,deck_LAW125_TYPE6_PUCK_0000.out,laminated composite with built-in failure
LAW125,LAMINATED_COMPOSITE,TYPE6,TSAIWU,2,BLOCKED:3068,3068,"100214,100217,100214,100217",deck_LAW125_TYPE6_TSAIWU_0000.rad,deck_LAW125_TYPE6_TSAIWU_0000.out,laminated composite with built-in failure
LAW125,LAMINATED_COMPOSITE,TYPE6,CHANG,2,BLOCKED:3068,3068,"100214,100217,100214,100217",deck_LAW125_TYPE6_CHANG_0000.rad,deck_LAW125_TYPE6_CHANG_0000.out,laminated composite with built-in failure
LAW125,LAMINATED_COMPOSITE,TYPE6,USER1,2,BLOCKED:3068,3068,"100214,100217,100214,100217",deck_LAW125_TYPE6_USER1_0000.rad,deck_LAW125_TYPE6_USER1_0000.out,laminated composite with built-in failure
LAW125,LAMINATED_COMPOSITE,TYPE6,JOHNSON,2,BLOCKED:3068,3068,"100214,100217,100214,100217",deck_LAW125_TYPE6_JOHNSON_0000.rad,deck_LAW125_TYPE6_JOHNSON_0000.out,laminated composite with built-in failure
LAW125,LAMINATED_COMPOSITE,TYPE1,base,2,BLOCKED:3068,3068,"100214,100214,100214",deck_LAW125_TYPE1_base_0000.rad,deck_LAW125_TYPE1_base_0000.out,laminated composite with built-in failure
LAW125,LAMINATED_COMPOSITE,TYPE1,HASHIN,2,BLOCKED:3068,3068,"100214,100214,100214",deck_LAW125_TYPE1_HASHIN_0000.rad,deck_LAW125_TYPE1_HASHIN_0000.out,laminated composite with built-in failure
LAW125,LAMINATED_COMPOSITE,TYPE1,PUCK,2,BLOCKED:3068,3068,"100214,100214,100214",deck_LAW125_TYPE1_PUCK_0000.rad,deck_LAW125_TYPE1_PUCK_0000.out,laminated composite with built-in failure
LAW125,LAMINATED_COMPOSITE,TYPE1,TSAIWU,2,BLOCKED:3068,3068,"100214,100214,100214",deck_LAW125_TYPE1_TSAIWU_0000.rad,deck_LAW125_TYPE1_TSAIWU_0000.out,laminated composite with built-in failure
LAW125,LAMINATED_COMPOSITE,TYPE1,CHANG,2,BLOCKED:3068,3068,"100214,100214,100214",deck_LAW125_TYPE1_CHANG_0000.rad,deck_LAW125_TYPE1_CHANG_0000.out,laminated composite with built-in failure
LAW125,LAMINATED_COMPOSITE,TYPE1,USER1,2,BLOCKED:3068,3068,"100214,100214,100214",deck_LAW125_TYPE1_USER1_0000.rad,deck_LAW125_TYPE1_USER1_0000.out,laminated composite with built-in failure
LAW125,LAMINATED_COMPOSITE,TYPE1,JOHNSON,2,BLOCKED:3068,3068,"100214,100214,100214",deck_LAW125_TYPE1_JOHNSON_0000.rad,deck_LAW125_TYPE1_JOHNSON_0000.out,laminated composite with built-in failure
LAW127,ENHANCED_COMPOSITE,TYPE14,base,2,BLOCKED:3068,3068,"100214,100217,100214,100217",deck_LAW127_TYPE14_base_0000.rad,deck_LAW127_TYPE14_base_0000.out,enhanced composite
LAW127,ENHANCED_COMPOSITE,TYPE14,HASHIN,2,BLOCKED:3068,3068,"100214,100217,100214,100217",deck_LAW127_TYPE14_HASHIN_0000.rad,deck_LAW127_TYPE14_HASHIN_0000.out,enhanced composite
LAW127,ENHANCED_COMPOSITE,TYPE14,PUCK,2,BLOCKED:3068,3068,"100214,100217,100214,100217",deck_LAW127_TYPE14_PUCK_0000.rad,deck_LAW127_TYPE14_PUCK_0000.out,enhanced composite
LAW127,ENHANCED_COMPOSITE,TYPE14,TSAIWU,2,BLOCKED:3068,3068,"100214,100217,100214,100217",deck_LAW127_TYPE14_TSAIWU_0000.rad,deck_LAW127_TYPE14_TSAIWU_0000.out,enhanced composite
LAW127,ENHANCED_COMPOSITE,TYPE14,CHANG,2,BLOCKED:3068,3068,"100214,100217,100214,100217",deck_LAW127_TYPE14_CHANG_0000.rad,deck_LAW127_TYPE14_CHANG_0000.out,enhanced composite
LAW127,ENHANCED_COMPOSITE,TYPE14,USER1,2,BLOCKED:3068,3068,"100214,100217,100214,100217",deck_LAW127_TYPE14_USER1_0000.rad,deck_LAW127_TYPE14_USER1_0000.out,enhanced composite
LAW127,ENHANCED_COMPOSITE,TYPE14,JOHNSON,2,BLOCKED:3068,3068,"100214,100217,100214,100217",deck_LAW127_TYPE14_JOHNSON_0000.rad,deck_LAW127_TYPE14_JOHNSON_0000.out,enhanced composite
LAW127,ENHANCED_COMPOSITE,TYPE6,base,2,BLOCKED:3068,3068,"100214,100217,100214,100217",deck_LAW127_TYPE6_base_0000.rad,deck_LAW127_TYPE6_base_0000.out,enhanced composite
LAW127,ENHANCED_COMPOSITE,TYPE6,HASHIN,2,BLOCKED:3068,3068,"100214,100217,100214,100217",deck_LAW127_TYPE6_HASHIN_0000.rad,deck_LAW127_TYPE6_HASHIN_0000.out,enhanced composite
LAW127,ENHANCED_COMPOSITE,TYPE6,PUCK,2,BLOCKED:3068,3068,"100214,100217,100214,100217",deck_LAW127_TYPE6_PUCK_0000.rad,deck_LAW127_TYPE6_PUCK_0000.out,enhanced composite
LAW127,ENHANCED_COMPOSITE,TYPE6,TSAIWU,2,BLOCKED:3068,3068,"100214,100217,100214,100217",deck_LAW127_TYPE6_TSAIWU_0000.rad,deck_LAW127_TYPE6_TSAIWU_0000.out,enhanced composite
LAW127,ENHANCED_COMPOSITE,TYPE6,CHANG,2,BLOCKED:3068,3068,"100214,100217,100214,100217",deck_LAW127_TYPE6_CHANG_0000.rad,deck_LAW127_TYPE6_CHANG_0000.out,enhanced composite
LAW127,ENHANCED_COMPOSITE,TYPE6,USER1,2,BLOCKED:3068,3068,"100214,100217,100214,100217",deck_LAW127_TYPE6_USER1_0000.rad,deck_LAW127_TYPE6_USER1_0000.out,enhanced composite
LAW127,ENHANCED_COMPOSITE,TYPE6,JOHNSON,2,BLOCKED:3068,3068,"100214,100217,100214,100217",deck_LAW127_TYPE6_JOHNSON_0000.rad,deck_LAW127_TYPE6_JOHNSON_0000.out,enhanced composite
LAW127,ENHANCED_COMPOSITE,TYPE1,base,2,BLOCKED:3068,3068,"100214,100214,100214",deck_LAW127_TYPE1_base_0000.rad,deck_LAW127_TYPE1_base_0000.out,enhanced composite
LAW127,ENHANCED_COMPOSITE,TYPE1,HASHIN,2,BLOCKED:3068,3068,"100214,100214,100214",deck_LAW127_TYPE1_HASHIN_0000.rad,deck_LAW127_TYPE1_HASHIN_0000.out,enhanced composite
LAW127,ENHANCED_COMPOSITE,TYPE1,PUCK,2,BLOCKED:3068,3068,"100214,100214,100214",deck_LAW127_TYPE1_PUCK_0000.rad,deck_LAW127_TYPE1_PUCK_0000.out,enhanced composite
LAW127,ENHANCED_COMPOSITE,TYPE1,TSAIWU,2,BLOCKED:3068,3068,"100214,100214,100214",deck_LAW127_TYPE1_TSAIWU_0000.rad,deck_LAW127_TYPE1_TSAIWU_0000.out,enhanced composite
LAW127,ENHANCED_COMPOSITE,TYPE1,CHANG,2,BLOCKED:3068,3068,"100214,100214,100214",deck_LAW127_TYPE1_CHANG_0000.rad,deck_LAW127_TYPE1_CHANG_0000.out,enhanced composite
LAW127,ENHANCED_COMPOSITE,TYPE1,USER1,2,BLOCKED:3068,3068,"100214,100214,100214",deck_LAW127_TYPE1_USER1_0000.rad,deck_LAW127_TYPE1_USER1_0000.out,enhanced composite
LAW127,ENHANCED_COMPOSITE,TYPE1,JOHNSON,2,BLOCKED:3068,3068,"100214,100214,100214",deck_LAW127_TYPE1_JOHNSON_0000.rad,deck_LAW127_TYPE1_JOHNSON_0000.out,enhanced composite
LAW128,HILL_VISC_PLAST,TYPE14,base,2,BLOCKED:3047,3047,"100214,100217,100214,100217",deck_LAW128_TYPE14_base_0000.rad,deck_LAW128_TYPE14_base_0000.out,Hill anisotropic viscoplastic metal
LAW128,HILL_VISC_PLAST,TYPE14,HASHIN,2,BLOCKED:3047,3047,"100214,100217,100214,100217",deck_LAW128_TYPE14_HASHIN_0000.rad,deck_LAW128_TYPE14_HASHIN_0000.out,Hill anisotropic viscoplastic metal
LAW128,HILL_VISC_PLAST,TYPE14,PUCK,2,BLOCKED:3047,3047,"100214,100217,100214,100217",deck_LAW128_TYPE14_PUCK_0000.rad,deck_LAW128_TYPE14_PUCK_0000.out,Hill anisotropic viscoplastic metal
LAW128,HILL_VISC_PLAST,TYPE14,TSAIWU,2,BLOCKED:3047,3047,"100214,100217,100214,100217",deck_LAW128_TYPE14_TSAIWU_0000.rad,deck_LAW128_TYPE14_TSAIWU_0000.out,Hill anisotropic viscoplastic metal
LAW128,HILL_VISC_PLAST,TYPE14,CHANG,2,BLOCKED:3047,3047,"100214,100217,100214,100217",deck_LAW128_TYPE14_CHANG_0000.rad,deck_LAW128_TYPE14_CHANG_0000.out,Hill anisotropic viscoplastic metal
LAW128,HILL_VISC_PLAST,TYPE14,USER1,2,BLOCKED:1130,1130,"100214,100217,100214,100217",deck_LAW128_TYPE14_USER1_0000.rad,deck_LAW128_TYPE14_USER1_0000.out,Hill anisotropic viscoplastic metal
LAW128,HILL_VISC_PLAST,TYPE14,JOHNSON,2,BLOCKED:3047,3047,"100214,100217,100214,100217",deck_LAW128_TYPE14_JOHNSON_0000.rad,deck_LAW128_TYPE14_JOHNSON_0000.out,Hill anisotropic viscoplastic metal
LAW128,HILL_VISC_PLAST,TYPE6,base,0,OK,,"100214,100217,100214,100217",deck_LAW128_TYPE6_base_0000.rad,deck_LAW128_TYPE6_base_0000.out,Hill anisotropic viscoplastic metal
LAW128,HILL_VISC_PLAST,TYPE6,HASHIN,0,OK,,"100214,100217,100214,100217",deck_LAW128_TYPE6_HASHIN_0000.rad,deck_LAW128_TYPE6_HASHIN_0000.out,Hill anisotropic viscoplastic metal
LAW128,HILL_VISC_PLAST,TYPE6,PUCK,0,OK,,"100214,100217,100214,100217",deck_LAW128_TYPE6_PUCK_0000.rad,deck_LAW128_TYPE6_PUCK_0000.out,Hill anisotropic viscoplastic metal
LAW128,HILL_VISC_PLAST,TYPE6,TSAIWU,0,OK,,"100214,100217,100214,100217",deck_LAW128_TYPE6_TSAIWU_0000.rad,deck_LAW128_TYPE6_TSAIWU_0000.out,Hill anisotropic viscoplastic metal
LAW128,HILL_VISC_PLAST,TYPE6,CHANG,0,OK,,"100214,100217,100214,100217",deck_LAW128_TYPE6_CHANG_0000.rad,deck_LAW128_TYPE6_CHANG_0000.out,Hill anisotropic viscoplastic metal
LAW128,HILL_VISC_PLAST,TYPE6,USER1,2,BLOCKED:1130,1130,"100214,100217,100214,100217",deck_LAW128_TYPE6_USER1_0000.rad,deck_LAW128_TYPE6_USER1_0000.out,Hill anisotropic viscoplastic metal
LAW128,HILL_VISC_PLAST,TYPE6,JOHNSON,0,OK,,"100214,100217,100214,100217",deck_LAW128_TYPE6_JOHNSON_0000.rad,deck_LAW128_TYPE6_JOHNSON_0000.out,Hill anisotropic viscoplastic metal
LAW128,HILL_VISC_PLAST,TYPE1,base,2,BLOCKED:3047,3047,"100214,100214,100214",deck_LAW128_TYPE1_base_0000.rad,deck_LAW128_TYPE1_base_0000.out,Hill anisotropic viscoplastic metal
LAW128,HILL_VISC_PLAST,TYPE1,HASHIN,2,BLOCKED:3047,3047,"100214,100214,100214",deck_LAW128_TYPE1_HASHIN_0000.rad,deck_LAW128_TYPE1_HASHIN_0000.out,Hill anisotropic viscoplastic metal
LAW128,HILL_VISC_PLAST,TYPE1,PUCK,2,BLOCKED:3047,3047,"100214,100214,100214",deck_LAW128_TYPE1_PUCK_0000.rad,deck_LAW128_TYPE1_PUCK_0000.out,Hill anisotropic viscoplastic metal
LAW128,HILL_VISC_PLAST,TYPE1,TSAIWU,2,BLOCKED:3047,3047,"100214,100214,100214",deck_LAW128_TYPE1_TSAIWU_0000.rad,deck_LAW128_TYPE1_TSAIWU_0000.out,Hill anisotropic viscoplastic metal
LAW128,HILL_VISC_PLAST,TYPE1,CHANG,2,BLOCKED:3047,3047,"100214,100214,100214",deck_LAW128_TYPE1_CHANG_0000.rad,deck_LAW128_TYPE1_CHANG_0000.out,Hill anisotropic viscoplastic metal
LAW128,HILL_VISC_PLAST,TYPE1,USER1,2,BLOCKED:1130,1130,"100214,100214,100214",deck_LAW128_TYPE1_USER1_0000.rad,deck_LAW128_TYPE1_USER1_0000.out,Hill anisotropic viscoplastic metal
LAW128,HILL_VISC_PLAST,TYPE1,JOHNSON,2,BLOCKED:3047,3047,"100214,100214,100214",deck_LAW128_TYPE1_JOHNSON_0000.rad,deck_LAW128_TYPE1_JOHNSON_0000.out,Hill anisotropic viscoplastic metal
LAW132,LAMINATED_FRACTURE_DAIMLER_CAMANHO,TYPE14,base,2,BLOCKED:3033,3033,"100214,100217,100214,100217",deck_LAW132_TYPE14_base_0000.rad,deck_LAW132_TYPE14_base_0000.out,"laminated composite fracture, Camanho"
LAW132,LAMINATED_FRACTURE_DAIMLER_CAMANHO,TYPE14,HASHIN,2,BLOCKED:3033,3033,"100214,100217,100214,100217",deck_LAW132_TYPE14_HASHIN_0000.rad,deck_LAW132_TYPE14_HASHIN_0000.out,"laminated composite fracture, Camanho"
LAW132,LAMINATED_FRACTURE_DAIMLER_CAMANHO,TYPE14,PUCK,2,BLOCKED:3033,3033,"100214,100217,100214,100217",deck_LAW132_TYPE14_PUCK_0000.rad,deck_LAW132_TYPE14_PUCK_0000.out,"laminated composite fracture, Camanho"
LAW132,LAMINATED_FRACTURE_DAIMLER_CAMANHO,TYPE14,TSAIWU,2,BLOCKED:3033,3033,"100214,100217,100214,100217",deck_LAW132_TYPE14_TSAIWU_0000.rad,deck_LAW132_TYPE14_TSAIWU_0000.out,"laminated composite fracture, Camanho"
LAW132,LAMINATED_FRACTURE_DAIMLER_CAMANHO,TYPE14,CHANG,2,BLOCKED:3033,3033,"100214,100217,100214,100217",deck_LAW132_TYPE14_CHANG_0000.rad,deck_LAW132_TYPE14_CHANG_0000.out,"laminated composite fracture, Camanho"
LAW132,LAMINATED_FRACTURE_DAIMLER_CAMANHO,TYPE14,USER1,2,BLOCKED:3033,3033,"100214,100217,100214,100217",deck_LAW132_TYPE14_USER1_0000.rad,deck_LAW132_TYPE14_USER1_0000.out,"laminated composite fracture, Camanho"
LAW132,LAMINATED_FRACTURE_DAIMLER_CAMANHO,TYPE14,JOHNSON,2,BLOCKED:3033,3033,"100214,100217,100214,100217",deck_LAW132_TYPE14_JOHNSON_0000.rad,deck_LAW132_TYPE14_JOHNSON_0000.out,"laminated composite fracture, Camanho"
LAW132,LAMINATED_FRACTURE_DAIMLER_CAMANHO,TYPE6,base,2,BLOCKED:3033,3033,"100214,100217,100214,100217",deck_LAW132_TYPE6_base_0000.rad,deck_LAW132_TYPE6_base_0000.out,"laminated composite fracture, Camanho"
LAW132,LAMINATED_FRACTURE_DAIMLER_CAMANHO,TYPE6,HASHIN,2,BLOCKED:3033,3033,"100214,100217,100214,100217",deck_LAW132_TYPE6_HASHIN_0000.rad,deck_LAW132_TYPE6_HASHIN_0000.out,"laminated composite fracture, Camanho"
LAW132,LAMINATED_FRACTURE_DAIMLER_CAMANHO,TYPE6,PUCK,2,BLOCKED:3033,3033,"100214,100217,100214,100217",deck_LAW132_TYPE6_PUCK_0000.rad,deck_LAW132_TYPE6_PUCK_0000.out,"laminated composite fracture, Camanho"
LAW132,LAMINATED_FRACTURE_DAIMLER_CAMANHO,TYPE6,TSAIWU,2,BLOCKED:3033,3033,"100214,100217,100214,100217",deck_LAW132_TYPE6_TSAIWU_0000.rad,deck_LAW132_TYPE6_TSAIWU_0000.out,"laminated composite fracture, Camanho"
LAW132,LAMINATED_FRACTURE_DAIMLER_CAMANHO,TYPE6,CHANG,2,BLOCKED:3033,3033,"100214,100217,100214,100217",deck_LAW132_TYPE6_CHANG_0000.rad,deck_LAW132_TYPE6_CHANG_0000.out,"laminated composite fracture, Camanho"
LAW132,LAMINATED_FRACTURE_DAIMLER_CAMANHO,TYPE6,USER1,2,BLOCKED:3033,3033,"100214,100217,100214,100217",deck_LAW132_TYPE6_USER1_0000.rad,deck_LAW132_TYPE6_USER1_0000.out,"laminated composite fracture, Camanho"
LAW132,LAMINATED_FRACTURE_DAIMLER_CAMANHO,TYPE6,JOHNSON,2,BLOCKED:3033,3033,"100214,100217,100214,100217",deck_LAW132_TYPE6_JOHNSON_0000.rad,deck_LAW132_TYPE6_JOHNSON_0000.out,"laminated composite fracture, Camanho"
LAW132,LAMINATED_FRACTURE_DAIMLER_CAMANHO,TYPE1,base,2,BLOCKED:3033,3033,"100214,100214,100214",deck_LAW132_TYPE1_base_0000.rad,deck_LAW132_TYPE1_base_0000.out,"laminated composite fracture, Camanho"
LAW132,LAMINATED_FRACTURE_DAIMLER_CAMANHO,TYPE1,HASHIN,2,BLOCKED:3033,3033,"100214,100214,100214",deck_LAW132_TYPE1_HASHIN_0000.rad,deck_LAW132_TYPE1_HASHIN_0000.out,"laminated composite fracture, Camanho"
LAW132,LAMINATED_FRACTURE_DAIMLER_CAMANHO,TYPE1,PUCK,2,BLOCKED:3033,3033,"100214,100214,100214",deck_LAW132_TYPE1_PUCK_0000.rad,deck_LAW132_TYPE1_PUCK_0000.out,"laminated composite fracture, Camanho"
LAW132,LAMINATED_FRACTURE_DAIMLER_CAMANHO,TYPE1,TSAIWU,2,BLOCKED:3033,3033,"100214,100214,100214",deck_LAW132_TYPE1_TSAIWU_0000.rad,deck_LAW132_TYPE1_TSAIWU_0000.out,"laminated composite fracture, Camanho"
LAW132,LAMINATED_FRACTURE_DAIMLER_CAMANHO,TYPE1,CHANG,2,BLOCKED:3033,3033,"100214,100214,100214",deck_LAW132_TYPE1_CHANG_0000.rad,deck_LAW132_TYPE1_CHANG_0000.out,"laminated composite fracture, Camanho"
LAW132,LAMINATED_FRACTURE_DAIMLER_CAMANHO,TYPE1,USER1,2,BLOCKED:3033,3033,"100214,100214,100214",deck_LAW132_TYPE1_USER1_0000.rad,deck_LAW132_TYPE1_USER1_0000.out,"laminated composite fracture, Camanho"
LAW132,LAMINATED_FRACTURE_DAIMLER_CAMANHO,TYPE1,JOHNSON,2,BLOCKED:3033,3033,"100214,100214,100214",deck_LAW132_TYPE1_JOHNSON_0000.rad,deck_LAW132_TYPE1_JOHNSON_0000.out,"laminated composite fracture, Camanho"
LAW158,FABR_NL,TYPE14,base,2,BLOCKED:1581,1581,"100214,100217,100214,100217",deck_LAW158_TYPE14_base_0000.rad,deck_LAW158_TYPE14_base_0000.out,nonlinear fabric material
LAW158,FABR_NL,TYPE14,HASHIN,2,BLOCKED:1581,1581,"100214,100217,100214,100217",deck_LAW158_TYPE14_HASHIN_0000.rad,deck_LAW158_TYPE14_HASHIN_0000.out,nonlinear fabric material
LAW158,FABR_NL,TYPE14,PUCK,2,BLOCKED:1581,1581,"100214,100217,100214,100217",deck_LAW158_TYPE14_PUCK_0000.rad,deck_LAW158_TYPE14_PUCK_0000.out,nonlinear fabric material
LAW158,FABR_NL,TYPE14,TSAIWU,2,BLOCKED:1581,1581,"100214,100217,100214,100217",deck_LAW158_TYPE14_TSAIWU_0000.rad,deck_LAW158_TYPE14_TSAIWU_0000.out,nonlinear fabric material
LAW158,FABR_NL,TYPE14,CHANG,2,BLOCKED:1581,1581,"100214,100217,100214,100217",deck_LAW158_TYPE14_CHANG_0000.rad,deck_LAW158_TYPE14_CHANG_0000.out,nonlinear fabric material
LAW158,FABR_NL,TYPE14,USER1,2,BLOCKED:1130,1130,"100214,100217,100214,100217",deck_LAW158_TYPE14_USER1_0000.rad,deck_LAW158_TYPE14_USER1_0000.out,nonlinear fabric material
LAW158,FABR_NL,TYPE14,JOHNSON,2,BLOCKED:1581,1581,"100214,100217,100214,100217",deck_LAW158_TYPE14_JOHNSON_0000.rad,deck_LAW158_TYPE14_JOHNSON_0000.out,nonlinear fabric material
LAW158,FABR_NL,TYPE6,base,2,BLOCKED:1581,1581,"100214,100217,100214,100217",deck_LAW158_TYPE6_base_0000.rad,deck_LAW158_TYPE6_base_0000.out,nonlinear fabric material
LAW158,FABR_NL,TYPE6,HASHIN,2,BLOCKED:1581,1581,"100214,100217,100214,100217",deck_LAW158_TYPE6_HASHIN_0000.rad,deck_LAW158_TYPE6_HASHIN_0000.out,nonlinear fabric material
LAW158,FABR_NL,TYPE6,PUCK,2,BLOCKED:1581,1581,"100214,100217,100214,100217",deck_LAW158_TYPE6_PUCK_0000.rad,deck_LAW158_TYPE6_PUCK_0000.out,nonlinear fabric material
LAW158,FABR_NL,TYPE6,TSAIWU,2,BLOCKED:1581,1581,"100214,100217,100214,100217",deck_LAW158_TYPE6_TSAIWU_0000.rad,deck_LAW158_TYPE6_TSAIWU_0000.out,nonlinear fabric material
LAW158,FABR_NL,TYPE6,CHANG,2,BLOCKED:1581,1581,"100214,100217,100214,100217",deck_LAW158_TYPE6_CHANG_0000.rad,deck_LAW158_TYPE6_CHANG_0000.out,nonlinear fabric material
LAW158,FABR_NL,TYPE6,USER1,2,BLOCKED:1130,1130,"100214,100217,100214,100217",deck_LAW158_TYPE6_USER1_0000.rad,deck_LAW158_TYPE6_USER1_0000.out,nonlinear fabric material
LAW158,FABR_NL,TYPE6,JOHNSON,2,BLOCKED:1581,1581,"100214,100217,100214,100217",deck_LAW158_TYPE6_JOHNSON_0000.rad,deck_LAW158_TYPE6_JOHNSON_0000.out,nonlinear fabric material
LAW158,FABR_NL,TYPE1,base,2,BLOCKED:1581,1581,"100214,100214,100214",deck_LAW158_TYPE1_base_0000.rad,deck_LAW158_TYPE1_base_0000.out,nonlinear fabric material
LAW158,FABR_NL,TYPE1,HASHIN,2,BLOCKED:1581,1581,"100214,100214,100214",deck_LAW158_TYPE1_HASHIN_0000.rad,deck_LAW158_TYPE1_HASHIN_0000.out,nonlinear fabric material
LAW158,FABR_NL,TYPE1,PUCK,2,BLOCKED:1581,1581,"100214,100214,100214",deck_LAW158_TYPE1_PUCK_0000.rad,deck_LAW158_TYPE1_PUCK_0000.out,nonlinear fabric material
LAW158,FABR_NL,TYPE1,TSAIWU,2,BLOCKED:1581,1581,"100214,100214,100214",deck_LAW158_TYPE1_TSAIWU_0000.rad,deck_LAW158_TYPE1_TSAIWU_0000.out,nonlinear fabric material
LAW158,FABR_NL,TYPE1,CHANG,2,BLOCKED:1581,1581,"100214,100214,100214",deck_LAW158_TYPE1_CHANG_0000.rad,deck_LAW158_TYPE1_CHANG_0000.out,nonlinear fabric material
LAW158,FABR_NL,TYPE1,USER1,2,BLOCKED:1130,1130,"100214,100214,100214",deck_LAW158_TYPE1_USER1_0000.rad,deck_LAW158_TYPE1_USER1_0000.out,nonlinear fabric material
LAW158,FABR_NL,TYPE1,JOHNSON,2,BLOCKED:1581,1581,"100214,100214,100214",deck_LAW158_TYPE1_JOHNSON_0000.rad,deck_LAW158_TYPE1_JOHNSON_0000.out,nonlinear fabric material
